name_ru,type,direction,drive_minutes,price_from,capacity_max,has_banya,has_chan,pets_allowed,whatsapp_phone,instagram_url,photos_permission
[ИМПОРТ] Дом у ручья,house,talgar,50,40000,6,да,да,нет,+77011110001,@dom.u.rucheya,да
[ИМПОРТ] Глэмпинг «Звёзды»,Глэмпинг,Горы Алматы,40,55000,4,нет,да,да,+7 701 111 00 02,,да
[ИМПОРТ] A-frame «Ель»,aframe,gory_almaty,35,38000,4,нет,нет,да,87011110003,,нет
[ИМПОРТ] Зона отдыха «Берег»,zona_otdyha,kapshagay,80,15000,30,нет,нет,да,+77011110004,,да
[ИМПОРТ] Банный двор,banya_complex,kaskelen,30,25000,10,да,да,нет,+77011110005,,да
[ИМПОРТ] Дом с неверным телефоном,house,issyk_turgen,70,50000,8,да,нет,нет,12345,,да
[ИМПОРТ] Гостевой дом «Чарын»,guesthouse,charyn_kolsai,200,18000,12,нет,нет,да,+77011110007,,да
[ИМПОРТ] Шале «Тургень»,house,issyk_turgen,75,70000,8,да,да,да,+77011110008,,да
[ИМПОРТ] Юрты у озера,glamping,kapshagay,85,30000,6,нет,нет,да,+77011110009,,нет
[ИМПОРТ] Дом «Каскад»,house,kaskelen,40,45000,6,нет,да,нет,+77011110010,,да
